NOA;De;6tb
Noa;De;7tb
Noa;De;8TB
Javel;Aude;4QB
Auffray;Annie Zette;5QB
Céouver;André;4TA
Stérole;Colette;4QB
Alizan;Gaspard;3TA
Cité;Alex;3TA
Técenfote;Dick;3TA
Rien;Jenifer;6TB
Hochet;Eric;6QB
Registre;Jean;3QB
Bou;Alban;4TB
Titouplin;Jean;4TB
Itmieu;Elmer;3TA
Épatriste;Cyrielle;4QA
Sahalor;Aubin;5QA
Bu;Amédé;3QA
Héantie;Anne;3QB
Ère;Axel;5QB
Goche;Elvira;4TB
Dmépassa;Jeanne;4TB
Afritt;Barack;5QA
Hic;Hyppolite;6TB
Laplace;Claire;6QA
Dorsa;Elsa;5TA
Danlapante;Hercule;4TA
Halle;Anne;6QA
Ptitghoute;Justine;6TB
Calva;Justin;5QA
Ottofraize;Charles;6QB
Cover;Harry;6QA
Parolédor;Carla;4QA
Couvert;Armelle;3QA
Pyration;Alex;3QA
Talaron;Delphine;5QA
Pafin;Janette;6TA
Lagingrat;Ella;6QB
Prochain;Edmond;4QA
Arepassé;Jennifer;6QB
Sion;Eva;4TA
Grec;Edmond;6QA
Biensucé;Humphrey;6TB
Membien;Hakim;6TA
Patamob;Alphonse;3QB
Atéfesse;Edgard;3QB
Digéré;Djamal;6TA
Rigole;Jean;3QA
Veuplu;John;3TA
Raton;Candy;4QA
Tomie;Anna;3QB
Rable;Daisy;3QB
Parminou;Bienvenue;4QA
Mentation;Ali;6QA
Menjoui;Gérard;3QB
Yiotine;Guy;5TB
Capé;Andy;4TA
Daniel;Djigaut;5TA
Menfaim;Gérard;5TB
Alatête;Djamal;5QA
Chon;Denis;5TA
Valda;Esmée;5QB
Épéril;Astérix;3TB
D’Halor;Homère;4TA
Houinkça;Cécile;6TA
Tichaut;Bernard;5QA
Horouge;Elvire;4TB
Térieur;Alex;3QB
Ichon;Albert;5QA
Scylla;Eddy;5QA
Tonptiku;James;3TB
Cenhalan;Hans;3QA
O’Chocola;Douglas;4TB
Cruxiforme;Elvis;6TB
Tinné;Guillaume;3TA
Éha;Aline;6QA
Dormi;Djamal;5QA
Térieur;Alain;5QB
Fermlaporte;Angèle;3TA
Xellerre;Jacques;4QB
Ptipeu;Justin;4QA
Use;Jacques;3TB
Bar;Jo;4TB
Manvussa;Gérard;5QB
Iléosud;Éléonore;3TA
Eric;Hésotte;4QB
Écassé;Jeanne;6TA
Mâle;Annie;5TA
Ouzi;Jacques;6QB
Naline;André;6QB
Verse;Alain;4TA
Tu;Candy;4TB
Alors;Berthe;4QA
Monslip;Jean Phil;3QA
Stote;Harry;6QB
Onette;Camille;5TB
Ptitghoute;Anne Corinne;3QB
Polaire;Aurore;5QB
Bienhu;Ella;4QB
Ade;Jérémy;6TB
Édeu;Jean;3TB
Di;Amar;3QA
Tine;Clément;3QA
Hule;Jules;5TB
Hun;Jeff;5QB
Polaire;Aurore;5QA
Ozaur;Amandine;5QB
Gole;Henri;3QB
Mendufric;Gérard;5TA
Tar;Guy;5TA
Couche;Jacques;3TB
Gator;Ali;4QB
Kent;Bowie;5QB
Ho;Bob;3TA
Zéprofit;Berthe;6QA
Lamine;Bianca;6TA
Éhenvumil;Jean;5TA
Monlatin;Gilbert;4TB
Glace;Brice;4TB
Évitable;Céline;5TA
Menvuça;Gerard;5QB
Versaire;Annie;6TA
Connerie;Arétha;5TA
Lazare;Garcin;5TB
Paradé;Emma;6TB
Porée;Eva;6QA
Ezéfor;Alfred;3QA
Dejeu;Bernadette;4QB
Dutribunal;Clemence;3TA
Trizévit;Jessica;4TB
Dégout;Barbara;4QB
Deux;Jean Marie;3TA
Hique;Cyril;5QB
Kan;Jerry;4TB
Kelpeuv;Aphonse;6TB
Potanglaise;Jessica;5TA
Prendnote;Jean;3TA
Oché;Habib;6TA
Denledo;Geoffroy;5QB
Biensucé;Emma;4TB
Issime;Gérard;3QB
Sonne;Jacques;3QB
Horris;Clint;3QA
Émoi;Élise;5TB
Vesselle;Aude;4QB
Fils;Edmond;6TA
Berman;Aldo;6TA
Voyance;Claire;5TB
Delion;Dan;4QB
Niche;Jessica;5QB
Duff;John;4TA
Hon;Cécile;3QA
Orial;Édith;4QA
Fait;Gaspard;6TA
Hencor;Henri;5QB
Zobarentrer;Edmond;5QA
Némard;Jean;4QB
Ception;Alex;5TA
Adéçin;Blanche;3QB
Glier;Hassan;4QB
Cehef;Hassan;5TB
Parbal;Gilles;5TA
Oussacopine;Estelle;4QA
Hépipioli;Jeff;4TB
Hatartynn;Burt;3TA
Pisser;Eva;5TA
Lut;Arthur;3TB
Marolex;Eléonor;5QB
Aymard;Jean;3TB
Zole;Camille;3QA
Lapêche;Ella;3TB
Tom;Dereck;6TA
Oi;Allan;5TA
Célert;Jacques;3TA
Haba;Bart;6TA
Dyossi;Daisy;5QA
Lavétoncul;Eva;3TB
Saintmichel;Edmond;3QA
Toyélévécé;Ginette;6TB
Danloss;Ella;5TB
Menvussat;Gérard;3QB
Rave;Beth;6QB
Balmaské;Alonzo;6TA
Ternette;Julien;3QA
Poste;Henri;3QB
Stourne;Henri;3QA
Kuéleslieux;Éva;3QA
Tanrien;Jean;5TB
Danlmur;Alphonse;3QB
Raipas;Jean Loup;5TB
Danstépensé;Julie;5TB
Hattérahl;Bill;6QB
Glace;Brice;6QA
Boréale;Aurore;3TA
Cochet;Henri;4QB
Cépacaré;Cicéron;4TA
Hyère;Claire;5TA
Talo;Armand;5QB
Coptère;Élie;6TB
Bambois;Jean;3QB
Cholard;Guy;3QB
Bienlepetit;Ambroise;3TA
